Date,Open,High,Low,Close,Volume,Weighted_Price,Weighted_Price_box,diff,Return,Volatility,Momentum,Log_Price,Price_Range,KMeans_Cluster,DBSCAN_Cluster
2012-04-30,4.980316898148148,4.9803393518518515,4.980292129629629,4.980315277777778,0.38157795769537034,4.980315914351852,1.814825086227612,0.006615446065912245,0.005217894087932828,0.08536200501201142,0.025851868652927656,1.7884733950540967,0.15479034805019096,0,0
2012-05-31,5.041775537634408,5.041785394265233,5.041759856630825,5.041769041218638,0.4148768772627688,5.041772457437276,1.8304352560053156,0.015610169777703575,0.01233988850151535,0.036137619574868496,0.061456543085424364,1.7986974221158418,0.0448478623814925,0,0
2012-06-30,5.959794212962963,5.959876388888889,5.959721064814815,5.959802314814815,1.4744170395067129,5.959798495370371,2.0462347627743416,0.21579950676902593,0.18208398845506912,0.10012109135954148,0.9180260379330942,1.9401505221126145,0.5486247715165988,0,0
2012-07-31,7.778275761648745,7.778474238351255,7.778117831541218,7.778318772401434,1.1347710965560036,7.778296650985663,2.40112253622418,0.3548877734498386,0.3051274564111386,0.1470132161848783,1.8184981556152922,2.1722823855213558,1.3927354385150934,0,0
2012-08-31,10.92043234767025,10.921000224014337,10.91963149641577,10.920169354838709,1.8559290136413529,10.920308355734766,2.874259061251699,0.473136525027519,0.4039459853142717,0.11115120505538731,3.1420117047491036,2.478243530072308,2.5095096190799544,0,0
2012-09-30,11.397899074074074,11.39809513888889,11.397714814814815,11.397910416666667,1.2984635872027779,11.39790486111111,2.9356763074785417,0.061417246226842526,0.04373470874799379,0.18611977951083702,0.47759650537634357,2.5175274955215468,1.9664646606509981,0,0
2012-10-31,11.630684363799283,11.630968413978495,11.630384184587813,11.630673163082438,1.8616498090071685,11.630677531362007,2.96482034105932,0.029144033580778217,0.020422408599417352,0.2150139379202659,0.2327726702508972,2.5361285795286475,0.3621477377269685,0,0
2012-11-30,11.321214351851852,11.32137337962963,11.320981944444444,11.321127314814815,2.0544602506923613,11.321174247685185,2.9259583967080967,-0.038861944351223254,-0.02661094186836921,0.03583320144568533,-0.3095032836768219,2.511319265875553,0.16117432883837046,0,0
2012-12-31,13.146768593189964,13.146929211469535,13.146575044802868,13.146735215053763,2.0469823227576165,13.146752016129032,3.1433550554786853,0.21739665877058867,0.16125339372964054,0.09775693583122073,1.8255777684438463,2.649485058244843,0.9769858677419156,0,0
2013-01-31,15.261109318996416,15.261499327956988,15.260730958781362,15.261128584229391,2.788638102373208,15.26111704749104,3.3651201551380048,0.22176509965931945,0.16082793900485903,0.10834091537396569,2.1143650313620075,2.788776800867679,1.9717345553355063,0,0
2013-02-28,25.707141865079365,25.708068700396826,25.706108878968255,25.707080109126984,3.063265816981399,25.707099888392857,4.180640897117038,0.8155207419790331,0.6844835019871078,0.30220993692053977,10.445982840901818,3.2849294434804492,6.724971321754761,1,-1
2013-03-31,56.70861872759857,56.721284946236565,56.69648723118279,56.70915031362008,3.993567147263441,56.7088853046595,5.546128020787487,1.3654871236704489,1.2059619930237413,0.5225674049227277,31.001785416266646,4.055411153073836,21.55669559560169,1,-1
2013-04-30,127.22013796296297,127.38757800925926,127.01545925925926,127.20942013888889,10.137348885845372,127.20814884259259,7.117789502277372,1.571661481489885,1.243178439484165,0.31237395156175296,70.49926353793309,4.853655105981258,52.01557426577485,1,-1
2013-05-31,117.86987634408602,117.93066151433693,117.74908288530465,117.81836155913979,6.733632625430332,117.84199557571685,6.960730483111621,-0.15705901916575105,-0.07362856351651992,0.7497463726071861,-9.366153266875742,4.777794842574902,38.28648185679206,1,-1
2013-06-30,105.71984050925927,105.79077453703704,105.65928680555557,105.73322268518518,5.787760145569444,105.72578113425926,6.740985614095671,-0.21974486901594936,-0.10281745809092802,0.7688235201708192,-12.116214441457586,4.670262751748272,10.770481278058345,1,-1
2013-07-31,85.38781742831542,85.43275604838709,85.33973454301075,85.38897535842294,9.4030884286763,85.38732084453405,6.318556534212084,-0.422429079883587,-0.19236992218480542,0.06187506989914999,-20.33846028972522,4.458840915556691,16.40000778076537,0,1
2013-08-31,103.23242316308244,103.2546303763441,103.20907437275986,103.23418525985663,7.357555451384856,103.23257829301075,6.693128420474912,0.374571886262828,0.20899188863142593,0.21068776887074214,17.8452574484767,4.646624732018354,11.092957531445727,0,1
2013-09-30,124.88937731481481,124.92695578703704,124.84989629629628,124.89339050925925,7.469271051336111,124.88990497685184,7.079855158530924,0.3867267380560113,0.2097915894570599,0.23195754789370487,21.65732668384109,4.835407754966951,19.781924264438437,0,1
2013-10-31,152.3138154121864,152.38984610215056,152.23119937275987,152.31140501792115,14.003059401552195,152.31156647625448,7.494829448846698,0.41497429031577404,0.21956667758282955,0.005888095768039976,27.421661499402646,5.032472232974516,24.59584788661629,0,1
2013-11-30,521.6243402777778,522.3744229166666,520.703393287037,521.5564856481482,22.35735376580787,521.5646605324074,10.362645923737302,2.8678164748906045,2.424327335072874,1.2757503463827335,369.2530940561529,6.258748728397427,221.52902619615097,1,-1
2013-12-31,797.2219271953404,798.7114831989247,795.6458250448029,797.2092573924731,21.356477528327957,797.1971232078853,11.480083440595907,1.1174375168586046,0.5284722749315787,1.1937796163134322,275.6324626754779,6.682355588508772,323.5734031178644,1,-1
2014-01-31,818.5546326164874,819.1984912634408,817.8893617831541,818.5700291218639,9.967037633758961,818.5531286962365,11.552087910048646,0.07200446945273953,0.026788864217692554,1.264525166012884,21.35600548835123,6.708759226706309,165.6459495798517,1,-1
2014-02-28,666.0899164186508,666.8047249503969,665.3688216765873,666.1191999007937,20.279359912120288,666.0956657366071,10.998196988572067,-0.5538909214765795,-0.1862523733828475,0.36694780201278077,-152.45746295962942,6.502933462522435,82.54993350855217,0,1
2014-03-31,595.183934811828,595.6585640681004,594.6998649193548,595.1919742383512,11.181857817202062,595.1835845094085,10.702828978377864,-0.29536801019420267,-0.10645930438352258,0.10763253629384578,-70.91208122719854,6.390548647334907,114.13862517883727,0,1
2014-04-30,462.5891386574074,463.0114416666667,462.1740037037037,462.59608425925927,11.976197939179398,462.5926670717593,10.059286445644913,-0.6435425327329511,-0.22277314241947688,0.05948334409733177,-132.59091743764924,6.139006293980189,103.2975839637721,0,1
2014-05-31,484.5896801075269,484.85818929211473,484.3279634856631,484.6043272849463,6.772220693033826,484.5950400425627,10.176121400083035,0.1168349544381222,0.04756316850001063,0.13560577180032338,22.00237297080338,6.185375025612735,71.05664638230479,0,1
2014-06-30,613.0305247685186,613.3424409722222,612.6767585648148,613.0095215277778,6.688909231002316,613.0148114583334,10.77980702247144,0.6036856223884044,0.2650043042217094,0.24436625720329894,128.4197714157707,6.420019050752498,81.24301367777262,0,1
2014-07-31,618.9340266577061,619.1192226702509,618.7409204749105,618.9395698924731,3.6203463416339603,618.9334349238351,10.804937189324692,0.02513016685325198,0.00965494365694286,0.13779270478725633,5.918623465501696,6.429612109249242,75.90945498144671,0,1
2014-08-31,537.8952143817205,538.1143261648746,537.6743167562724,537.8994742383513,7.049455023096774,537.8958328853047,10.44148093445747,-0.3634562548672218,-0.13093104599932104,0.2007205843883125,-81.0376020385304,6.289522292278834,45.17555384227288,0,1
2014-09-30,445.7012016203704,445.896418287037,445.49318171296295,445.6939615740741,7.939879672154167,445.6961907986111,9.96631202172795,-0.47516891272952044,-0.17140798729027018,0.0950320895163793,-92.19964208669359,6.101878700895279,86.6785341527071,0,1
2014-10-31,364.2653909050179,364.5077815860215,364.00946931003585,364.2635499551971,13.438517960718189,364.2615479390681,9.471082327254138,-0.49522969447381193,-0.18271334720995946,0.02722621487295921,-81.43464285954298,5.900613666665084,86.8727421455918,0,1
2014-11-30,365.86835046296295,366.0713726851852,365.65277731481484,365.86745439814814,10.181584035772223,365.8649887152778,9.481704515045308,0.010622187791170745,0.004401894147986862,0.10491984172269136,1.603440776209652,5.904993902210794,46.56034239932565,0,1
2014-12-31,343.14443167562723,343.2849401881721,342.99041241039424,343.1390557795699,6.595919739369175,343.13971001344083,9.327311535086645,-0.1543929799586632,-0.06211383817193328,0.09485137301300056,-22.72527870183694,5.8410477086834085,12.682937039950504,0,1
2015-01-31,251.0163409498208,251.21039650537634,250.81341801075268,251.01751769713263,17.481049026918683,251.0144182907706,8.595484849961695,-0.7318266851249504,-0.26847750066310205,0.14228695650883807,-92.12529172267023,5.529486301314249,60.819625661868265,0,1
2015-02-28,233.87688740079363,233.9749181547619,233.7724558531746,233.88484548611112,8.722940713200892,233.8772767237103,8.434646751318413,-0.16083809864328202,-0.06827154266178026,0.11740691642075272,-17.137141567060297,5.459063151028683,58.763693899763034,0,1
2015-03-31,268.4398194444444,268.51732482078853,268.35237029569896,268.44061469534046,6.661841155883736,268.4375323140681,8.749703535692143,0.31505678437373064,0.14777089965514434,0.20817440335328827,34.5602555903578,5.596336572438937,17.280324986479783,0,1
2015-04-30,234.752875,234.81099467592594,234.69261597222223,234.7516064814815,5.896171223326852,234.7520230324074,8.443095424836594,-0.3066081108555494,-0.12548733029719972,0.1441168758760801,-33.6855092816607,5.462780502738285,19.705709761138184,0,1
2015-05-31,236.64883400537633,236.70154905913978,236.59138306451612,236.6442645609319,4.509684091524642,236.64650767249103,8.461301785709985,0.018206360873390892,0.008070152561889143,0.1366406236585319,1.8944846400836184,5.470784307696376,18.925167790443915,0,1
2015-06-30,236.71487245370372,236.7592974537037,236.66112685185183,236.7108071759259,5.376619883541435,236.7115259837963,8.461924421422541,0.0006226357125562743,0.00027474866181109725,0.07496051188649397,0.06501831130526625,5.471057862815286,1.1130252505273819,0,1
2015-07-31,279.14819892473116,279.2058046594982,279.08763732078853,279.14832414874553,8.91100834451725,279.1474912634408,8.84032618865505,0.37840176723250885,0.17927291501027054,0.1011694105185545,42.435965279644535,5.63531621899508,24.519206698678694,0,1
2015-08-31,252.96421214157706,253.01737298387096,252.90169444444444,252.96027531362006,9.37647099945699,252.96088872087813,8.61315753298052,-0.22716865567453048,-0.093809198943685,0.13872393071294717,-26.186602542562696,5.537180273748316,21.41102166058246,0,1
2015-09-30,233.5055712962963,233.57628981481483,233.41848333333334,233.49879027777777,13.18254589721551,233.49978368055554,8.430992460111598,-0.18216507286892103,-0.07693325691070108,0.15302518360902664,-19.461105040322593,5.45745466541493,22.906279960184875,0,1
2015-10-31,264.29707795698926,264.3867226702509,264.188646281362,264.29243122759857,15.991409882975358,264.2912195340502,8.713792178567092,0.2827997184554931,0.1318692264641219,0.1257073494122616,30.791435853494647,5.580828164229809,15.573607629829258,0,1
2015-11-30,347.9388166666667,348.20183981481483,347.64521689814813,347.93159166666663,20.526068399961343,347.9293662615741,9.36056012205356,0.6467679434864682,0.316462071176558,0.19682178044422277,83.63814672752392,5.854869512783705,59.21371108057342,0,1
2015-12-31,422.1504637096774,422.30483445340496,421.9822016129032,422.152708109319,9.467946308264786,422.14755197132615,9.831602253769882,0.47104213171632203,0.2133139450320345,0.09250882519050163,74.21818570975205,6.047720940849058,78.97499643200429,0,1
2016-01-31,411.4862311827957,411.6043575268817,411.33596370967746,411.48001097670254,6.45994727496483,411.4766408490143,9.768444635396705,-0.06315761837317702,-0.025277680925736234,0.17528622215832923,-10.67091112231185,6.022179575926482,40.12576799206795,0,1
2016-02-29,401.45463170498084,401.547529454023,401.3410665708812,401.4598390804598,5.188314814316332,401.45076670258624,9.707822750343679,-0.06062188505302579,-0.024365597341665213,0.13748839995711531,-10.025874146428066,5.997572770625731,10.350067769835439,0,1
2016-03-31,415.374420922939,415.4600423387097,415.2758194444444,415.3780224014337,3.5222962244789424,415.3720762768817,9.79166012653703,0.08383737619335108,0.034677501524387644,0.03435487185925786,13.921309574295492,6.031579274638411,7.182100781764948,0,1
2016-04-30,432.9618736111111,433.04397013888894,432.8779557870371,432.96401944444443,2.8198046244497688,432.96195474537035,9.8942389814041,0.10257885486707075,0.042347282046864,0.03650461462444542,17.58987846848862,6.072956868380851,15.791145497122466,0,1
2016-05-31,459.49637163978497,459.59105981182796,459.3868929211469,459.4987334229391,3.028418475385977,459.4932644489247,10.042450411016171,0.14821142961207023,0.06127861677628865,0.013692092003191748,26.53130970355437,6.132298228984537,22.211083812799956,0,1
2016-06-30,637.5534486111111,637.8407928240741,637.2310895833333,637.5588094907407,6.650372894047917,637.5460351273149,10.88265540436287,0.8402049933466991,0.3874981081429578,0.19403893283607626,178.05277067839017,6.459193771741747,111.25147601010617,0,1
2016-07-31,660.7403906810035,660.8883342293907,660.5891691308244,660.741247311828,2.6535050092000447,660.7397853382616,10.976846714714231,0.09419131035136097,0.03637972622057806,0.19592652935144753,23.193750210946746,6.494872405156209,110.10669171698979,0,1
2016-08-31,578.7475380824374,578.8901503136201,578.6004708781362,578.7487390232975,3.314050282609319,578.7467245743728,10.630113377286268,-0.3467333374279633,-0.1240928162391689,0.26164888333969066,-81.99306076388882,6.362591326398893,42.2653738967247,0,1
2016-09-30,602.6475990740742,602.7556145833333,602.5339289351851,602.644076388889,2.1220440547067128,602.6453047453704,10.735276936764304,0.10516355947803646,0.04129367676088935,0.09409948269452566,23.898580170997548,6.402986781640585,42.16825983086083,0,1
2016-10-31,638.4110625000001,638.4898741039426,638.3196807795699,638.4104413082438,2.260617546284498,638.407764672939,10.886206660828437,0.15092972406413274,0.05934246835736823,0.1010997482522103,35.76245992756867,6.46054238023818,30.02647548387659,0,1
2016-11-30,722.9504097222222,723.0582775462963,722.8288495370371,722.946531712963,3.570428847274306,722.9460171296297,11.216256421275602,0.3300497604471655,0.13242046405873564,0.048253227348104284,84.53825245669066,6.584716827630184,61.776385818345,0,1
2016-12-31,818.5903322132616,818.703830421147,818.4628797043011,818.5889590053764,3.870301843492159,818.5865003360215,11.552199170411782,0.33594274913617994,0.1322927036601167,0.042154767640945966,95.64048320639176,6.7087999451895906,90.14635779435734,0,1
2017-01-31,909.1065692204301,909.4523234767025,908.7281792114695,909.091789874552,7.496272770890009,909.0947154457884,11.840658827173982,0.28845965676219976,0.11056646435363193,0.01258069354361923,90.50821510976698,6.813548677002106,93.08614013832175,0,1
2017-02-28,1057.8366902281746,1058.171048611111,1057.5469885912698,1057.887990327381,5.206145777533234,1057.860679439484,12.265612253985772,0.4249534268117898,0.16364187522610996,0.02668270123618517,148.76596399369566,6.964948778343872,120.81334213775449,0,1
2017-03-31,1132.6019218189963,1133.160624327957,1132.0642717293908,1132.659176747312,7.192175510789874,1132.6214986559141,12.460257143418362,0.19464488943259006,0.07067170627425412,0.04664054615966141,74.76081921643004,7.033172653136577,113.7868731043196,0,1
2017-04-30,1206.6412925925927,1207.0365344907407,1206.3120650462963,1206.7246689814815,3.77916019861713,1206.6786402777777,12.642581153382134,0.18232400996377152,0.06538560473180799,0.05526555569234339,74.0571416218636,7.09645531684338,74.4092576937167,0,1
2017-05-31,1872.620345654122,1874.3453288530468,1870.714875672043,1872.5755974462365,10.384290184197132,1872.564036906362,13.956299135496192,1.313717982114058,0.5518332507114714,0.27933721765215347,665.8853966285842,7.535597798010622,407.5133497978771,0,1
2017-06-30,2618.74669837963,2620.645103472222,2616.530729166667,2618.613809953704,10.365393227822222,2618.634085243056,15.018595339010705,1.0622962035145136,0.3984216473415063,0.24868971229386314,746.0700483366938,7.870789924880509,706.3570930055394,0,1
2017-07-31,2492.8071113351257,2494.635602374552,2490.7595042562725,2492.803306675627,9.902455383252688,2492.7513811603944,14.859171375204335,-0.15942396380637014,-0.048071895493935424,0.31165627120435546,-125.88270408266135,7.8215434344868,399.3952332767518,0,1
2017-08-31,3817.857720878136,3820.7251787634405,3814.313553091398,3817.8128344534052,8.43738616703181,3817.677321796595,16.278240554133358,1.419069178929023,0.5315114658644529,0.3035858627449851,1324.9259406362007,8.24765939080337,731.3207101405267,0,1
2017-09-30,4087.456717824074,4091.0846319444445,4083.0619136574073,4087.24965162037,11.9850177456625,4087.2132287615736,16.513882618694577,0.23564206456121894,0.07060206618985165,0.3061693041041215,269.5359069649785,8.31586329020076,853.4622562216714,0,1
2017-10-31,5273.285331989247,5276.276207437276,5269.409086021506,5273.203874551971,8.354638813683692,5273.043624999999,17.415370091685524,0.9014874729909472,0.2901317670176293,0.2305410025965433,1185.8303962384257,8.570552638589298,774.2667940581325,0,1
2017-11-30,7733.838048611111,7740.175394444445,7725.970888425926,7733.4882428240735,11.192145329760185,7733.368143576389,18.836851722016515,1.421481630330991,0.4665852766534604,0.19838171689002357,2460.32451857639,8.953429071703669,1859.8313601049672,0,-1
2017-12-31,14814.54664874552,14836.659396729392,14786.749264112903,14814.40550828853,12.659463124099238,14813.090204469085,21.444137435344192,2.607285713327677,0.9154771801176134,0.32241191762083427,7079.7220608926955,9.603334047691261,4952.9141242746955,1,-1
2018-01-31,12921.142253610558,12939.95621440805,12900.745931003585,12920.905802669698,10.406118449870073,12920.687550422974,20.874594454373558,-0.5695429809706347,-0.1277520509174498,0.5233017020842772,-1892.402654046111,9.466662384164964,3665.4225516571,0,-1
2018-02-28,9386.539622271825,9398.428435267857,9373.832121031746,9386.387929563492,14.36507435088988,9386.29702703373,19.587533619606063,-1.2870608347674946,-0.27354508106447795,0.6485055607204451,-3534.3905233892438,9.147112674217732,2754.4868961848215,0,-1
2018-03-31,9047.644199820788,9055.823502240142,9039.460617159499,9047.596176299283,10.710267633825941,9047.631123879928,19.443444465312247,-0.14408915429381608,-0.03608088495158435,0.11975562251555802,-338.665903153802,9.110368768223632,2145.0399005212407,0,1
2018-04-30,7970.9687090277785,7976.371878472221,7965.029685416667,7970.891676388889,8.869676249025927,7970.815487326389,18.952622600035888,-0.4908218652763594,-0.1190163062363847,0.12051740592759366,-1076.8156365535388,8.98366753597281,739.1227343206098,0,1
2018-05-31,8448.712483198924,8454.011788530466,8442.620329301075,8448.639386424731,7.065985570842742,8448.4959968638,19.176904919723214,0.22428231968732604,0.05992868738423596,0.08955206383781773,477.6805095374102,9.041862073230803,539.5481882622969,0,1
2018-06-30,6791.190596527777,6794.693370370371,6786.974715740741,6791.144308796296,5.6842512455115735,6791.000747858797,18.34532423975707,-0.8315806799661445,-0.19618820315714047,0.13138535816242491,-1657.4952490050027,8.823500838099951,853.1736819205374,0,1
2018-07-31,7090.036921594982,7093.298049955197,7086.576324820789,7090.081306227598,5.413226549105959,7089.9981506496415,18.507243673348853,0.16191943359178396,0.04402847443141855,0.143499553184096,298.9974027908447,8.866581392501487,883.3842449653828,0,1
2018-08-31,6693.267000896058,6695.933434363799,6690.406715277777,6693.226593189965,5.407689231734318,6693.2084359319,18.29104929003433,-0.216194383314523,-0.05596471342963394,0.12066849691175859,-396.78971471774184,8.808998019011614,206.72238261877624,0,1
2018-09-30,6592.009428703704,6593.869824305556,6590.134417824074,6592.122117129629,3.7420117994708333,6592.03394699074,18.23418285117354,-0.05686643886079068,-0.015115992563149994,0.05027478425465464,-101.17448894115932,8.793768908044491,263.2003998996375,0,1
2018-10-31,6416.574006272401,6417.534443100359,6415.644258064516,6416.640444668458,2.6513682189948473,6416.598288026434,18.133793623798223,-0.10038922737531664,-0.026613282087904477,0.021064631433793165,-175.43565896430664,8.766799228253479,139.95661326108456,0,1
2018-11-30,5405.325909722223,5407.7111562499995,5402.9914384259255,5405.413835185185,7.9403106458497685,5405.360584895833,17.504922169583647,-0.6288714542145755,-0.1575971656224141,0.07915159514979145,-1011.2377031306005,8.595331425480623,640.5171128308216,0,1
2018-12-31,3672.515096326165,3674.6908048835126,3670.378613799283,3672.5775011200717,8.06616806898656,3672.540504032258,16.145432983283317,-1.3594891863003298,-0.3205743730965116,0.1472704263867462,-1732.8200808635752,8.208911191005333,1387.7511932845425,0,1
2019-01-31,3660.412417562724,3661.4793765681006,3659.430177643369,3660.504803315412,4.628966406104391,3660.4566937724016,16.134175517423532,-0.011257465859785043,-0.003290313679750856,0.15866177289677413,-12.083810259856364,8.205616350975875,1003.9506163462652,0,1
2019-02-28,3645.482071180556,3646.3911302083334,3644.645740823413,3645.5587837301587,5.0469100565587794,3645.519431485615,16.12021597406612,-0.01395954335741223,-0.004080710014190303,0.1829562961737068,-14.93726228678679,8.201528411214591,13.535623595739073,0,1
2019-03-31,3916.668523521505,3917.3404428763442,3916.006316084229,3916.7003160842296,3.6819027942271503,3916.6788996415776,16.366389777387585,0.2461738033214651,0.07438157257207667,0.04507378474776435,271.1594681559627,8.273254639975375,152.42506232893248,0,1
2019-04-30,5132.5566967592595,5134.548036111111,5130.532057638889,5132.617082175926,6.822053914353472,5132.563468171296,17.318177060512262,0.951787283124677,0.31043764364778204,0.16370735743524212,1215.8845685297188,8.543555330190651,791.9598798973248,0,1
2019-05-31,7211.206372311827,7216.544820564516,7205.61326859319,7210.945117831541,8.283174324990144,7211.077394825268,18.57116512284263,1.2529880623303669,0.40496604465653774,0.1702665461721368,2078.513926653972,8.883512315661255,1665.9160079043538,0,1
2019-06-30,9343.807753703702,9351.24048125,9335.997450694445,9343.36176574074,7.732595949787731,9343.601862847223,19.56961442396827,0.9984493011256426,0.2957289668742529,0.05927998950195504,2132.524468021955,9.142554114685362,2105.5769245601737,0,1
2019-07-31,10673.840732750896,10682.578762096775,10664.558571012545,10674.025068100358,8.320617619403226,10673.750783490144,20.09780841095279,0.5281939869845189,0.14235933210424623,0.13191996911601245,1330.1489206429214,9.275636492015423,1746.7619449697847,0,1
2019-08-31,10616.611279345878,10622.417112903226,10610.11472468638,10616.132124327956,5.596516286831317,10616.31881031586,20.076192156328826,-0.021616254623964437,-0.0053806739860479125,0.15056359126520946,-57.431973174283485,9.270241796849053,751.9311815811437,0,1
2019-09-30,9798.63729675926,9803.46610787037,9792.443278703704,9796.245444907408,4.912212644160648,9797.698032060185,19.7567375823151,-0.3194545740137258,-0.07710966417664689,0.11190680479895103,-818.6207782556758,9.190004801961397,490.05217977656866,0,1
2019-10-31,8362.191555107527,8367.80170878136,8357.72935483871,8361.89680734767,6.099156612260977,8362.404856518817,19.137293664823876,-0.6194439174912247,-0.1464928977036013,0.0705593613100922,-1435.2931755413683,9.031620902650866,1140.9305112837042,0,1
2019-11-30,8353.80894537037,8358.673149074075,8349.333468055556,8353.913537962962,4.341062957650695,8353.932275115742,19.133376641934564,-0.0039170228893112835,-0.0010131752227315882,0.07276567228539976,-8.47258140307531,9.030607335085898,831.1235212366281,0,1
2019-12-31,7243.4006025985655,7247.1248456541225,7239.779995519713,7243.38607280466,2.893984190671147,7243.422879144265,18.588086755371496,-0.5452898865630686,-0.13293253517022208,0.08036474207646463,-1110.5093959714768,8.887987193768854,643.6126641681417,0,1
2020-01-31,8306.426627464158,8311.34094780466,8302.042165994624,8306.529440412187,4.52968204547379,8306.584795418907,19.111424680379674,0.5233379250081782,0.14677617667964227,0.139929371201681,1063.161916274642,9.024924207268912,627.931281085146,0,1
2020-02-29,9651.033280890804,9658.067821599618,9645.583646551724,9651.310617337165,4.090133758014846,9651.498841594828,19.697311917206328,0.5858872368266539,0.16190938626397267,0.16603098915164352,1344.9140461759216,9.174972108127488,1206.7820082593137,0,1
2020-03-31,6940.80042876344,6947.696221326165,6933.7385996863795,6940.644954301075,10.789143505045027,6940.720051019265,18.427144895060994,-1.2701670221453334,-0.28086609500412374,0.2513818653547384,-2710.778790575563,8.845304868760305,1355.4028886294004,0,-1
2020-04-30,7168.351150925927,7172.119384953704,7164.475403240741,7168.38719537037,6.729668665908797,7168.3332836226855,18.548704140150466,0.1215592450894718,0.03279389327480442,0.2277072409876202,227.61323260342033,8.87756794232767,1503.6755314555983,0,1
2020-05-31,9232.13219937276,9237.781737455198,9226.531890681004,9232.232954525089,8.71758420624776,9232.169695508512,19.5225161110982,0.9738119709477324,0.2879102198834731,0.2848898689922565,2063.8364118858262,9.130557680842172,1262.4031310633898,0,1
2020-06-30,9461.366684722221,9464.717532407407,9458.03902800926,9461.474444444444,4.873555913717593,9461.399422395834,19.618886650555257,0.09637053945705887,0.02482945336228415,0.14964361113369495,229.2297268873226,9.15508126861612,1262.9409671808764,0,1
2020-07-31,9532.98374171147,9535.84337298387,9530.388746191757,9533.252137544803,4.386724326267921,9533.116999607975,19.648629708129807,0.029743057574549425,0.0075800179244500665,0.157106150349949,71.7175772121409,9.162631907517454,157.19359529717087,0,1
2020-08-31,11634.147571460573,11639.372483198924,11629.927307795699,11634.521487231183,4.37446250309095,11634.492212421595,20.44549841251762,0.796868704387812,0.22042897542325712,0.11822393635366432,2101.3752128136202,9.361815379304119,1234.4535545448518,0,1
2020-09-30,10660.152514583333,10664.290786574074,10656.145350694444,10660.086259722222,4.88857886664074,10660.168727893519,20.092705339992083,-0.35279307252553593,-0.08374439268504019,0.15608024888276917,-974.3234845280767,9.274363328473159,1051.6122254077093,0,1
2020-10-31,11819.948754928315,11823.82759094982,11816.307095206093,11820.106317204301,4.087521040953181,11820.047439572132,20.509819041131436,0.4171137011393533,0.10880491118716185,0.15387040218129286,1159.8787116786134,9.377636902902982,623.0376688225332,0,1
2020-11-30,16491.289329166666,16501.076050925927,16481.193997685186,16491.528068287036,6.649661052343055,16491.271861516205,21.899570874231458,1.3897518331000214,0.3951950654872467,0.24099708141249954,4671.224421944073,9.710647178138911,3086.7302004147814,0,-1
2020-12-31,21746.169204973117,21760.499976030464,21731.345793682794,21746.564990591396,5.722263739285395,21746.144991319445,23.107688861383128,1.2081179871516703,0.3186457159842193,0.14827468133346197,5254.87312980324,9.987237763133935,4965.907802495237,2,-1
2021-01-31,34527.710666890685,34567.700302419355,34486.0899343638,34527.83396034946,10.273185416459677,34527.33371600582,25.24200513361085,2.1343162722277214,0.5877450338801811,0.13865408764831968,12781.188724686377,10.449535533094734,9276.06241934361,2,-1
2021-02-28,45987.15625372024,46027.45483829365,45945.98761631945,45987.691567460315,5.940728711679068,45987.07256894841,26.641267224077815,1.3992620904669657,0.3319033826127791,0.15168232106375906,11459.738852942588,10.736137349869873,12126.465338379689,2,-1
2021-03-31,54540.55309655018,54576.1629952957,54505.14250380824,54541.77411200717,3.560578212905466,54540.90817691532,27.50306024237024,0.861793018292424,0.1860052212530412,0.203361788061356,8553.83560796691,10.90672464252968,10041.886284360236,2,-1
2021-04-30,57130.22702777778,57162.6205238426,57097.948013657406,57130.73024305556,3.2277057609314816,57130.38145208333,27.741219021748318,0.23815877937807883,0.04747763397647309,0.14222879010719572,2589.473275168013,10.953108832278307,5831.620819804819,2,-1
2021-05-31,47081.1155499552,47126.617289426526,47037.21627150537,47081.219338485666,4.705741793577509,47081.54211234319,26.75878577095846,-0.9824332507898568,-0.17589309023200472,0.18259917886170415,-10048.839339740145,10.75965755550578,5217.385775846133,2,-1
2021-06-30,35782.04411782408,35807.29951921296,35756.103230787034,35781.954133796295,3.331911127861806,35781.85025040509,25.41299148084354,-1.3457942901149202,-0.24000258604476976,0.15091354301400844,-11299.691861938096,10.485224014326127,10680.371347474214,2,-1
2021-07-31,34202.18727912186,34217.87116263441,34186.00206496416,34202.72743458782,1.8014803354805107,34202.19698532706,25.196829013771854,-0.21616246707168685,-0.04414677424513991,0.0998554106739394,-1579.6532650780355,10.440074397784928,7024.432023461825,2,-1
2021-08-31,45534.775739023295,45555.43589247312,45512.79078763441,45534.96762231183,1.8013776988201164,45534.49251036066,26.59197534561859,1.3951463318467354,0.3313323857498167,0.29033536602858906,11332.295525033602,10.726247356026892,6137.728371246695,2,-1
2021-09-30,46084.2652574074,46105.27092476852,46062.22125578704,46084.412910416664,1.621990280106713,46084.04258709491,26.6517748345312,0.05979948891260989,0.012068874526474982,0.20251501522767254,549.5500767342528,10.738243720526174,6706.976244401371,2,-1
2021-10-31,57574.921953853045,57600.345423611114,57549.05350358423,57575.79771393369,1.7730703979771505,57575.02964874552,27.781187018937587,1.1294121844063874,0.24934850365901862,0.16580720175483463,11490.987061650609,10.960861608137236,6798.52096070274,2,-1
2021-11-30,60706.883136342585,60733.21702546296,60679.511685879625,60706.77381296296,1.6694449191171294,60706.59641516204,28.05546945077884,0.2742824318412538,0.05439105781658515,0.1265577570973839,3131.566766416523,11.013824116089895,7699.226958146176,2,-1
2021-12-31,49556.61115277778,49578.24912141578,49532.891872087814,49556.23712163979,1.608088168637769,49555.99731698029,27.016147977922575,-1.0393214728562654,-0.18368018891925209,0.2168717642632029,-11150.599098181752,10.810878747083173,5751.04990702849,2,-1
2022-01-31,41212.296314292114,41230.21489045699,41193.15121908602,41212.31472871864,1.610662929339606,41211.99428813844,26.098933962179284,-0.9172140157432906,-0.16837524175873642,0.13325225711435507,-8344.00302884185,10.626508880954129,9780.914739810458,2,-1
2022-02-28,40586.054594494046,40603.47310714286,40568.17859499008,40586.5715109127,1.4231333536969246,40586.06945188492,26.02392984372732,-0.07500411845196453,-0.01518792883152642,0.0931756727539544,-625.9248362535218,10.611204808455483,5007.890013950942,2,-1
2022-03-31,41925.84818772401,41941.72286200717,41909.598920698925,41926.668282930106,1.3163794405602598,41925.95956334005,26.183314367789972,0.15938452406265213,0.03301354700148007,0.10515637510603223,1339.8901114551336,10.643684325332954,670.4269566987582,0,1
2022-04-30,41674.445679861106,41687.04111666667,41661.081466435186,41674.97856087963,1.0198260492032407,41674.38670596065,26.153722476440812,-0.029591891349159738,-0.006000407861848411,0.02559258189438105,-251.572857379404,10.637665986663183,712.159726801323,0,1
2022-05-31,31875.73317450717,31890.954781586024,31860.191728942653,31876.023415770607,2.2683745431366487,31875.725775201612,24.862473314958205,-1.2912491614826074,-0.23512429828649506,0.14486646144701604,-9798.660930759037,10.369631422962213,5731.262864540928,2,-1
2022-06-30,24538.403653703703,24551.382465277777,24525.294033564816,24538.569876388887,2.467044409942824,24538.412507233796,23.651213260392957,-1.2112600545652477,-0.23018497899351464,0.13088218364359192,-7337.3132679678165,10.108035777767808,8597.398189449668,2,-1
2022-07-31,21412.24296684588,21420.991097222224,21403.438514112902,21412.4808671595,1.6729577814204748,21412.288361335126,23.03878581843649,-0.6124274419564664,-0.1273971633241191,0.06082059345918172,-3126.1241458986697,9.971766959763613,5371.100766785301,2,-1
2022-08-31,22495.856572132616,22502.03199327957,22488.959479614696,22495.63727105735,1.069294401967518,22495.621329021058,23.25915200025933,0.22036618182283974,0.05059398366977641,0.14205809218564958,1083.332967685932,10.021120413762276,1587.41185016319,0,1
2022-09-30,19820.397291666668,19826.530833333334,19814.093402777777,19820.263287037036,1.614668634552315,19820.321203703705,22.69709518408584,-0.5620568161734916,-0.11892537157291194,0.10040703118272509,-2675.3001253173534,9.894513465788613,1345.6844918960137,0,1
2022-10-31,19620.834005376346,19624.53210125448,19617.38810483871,19621.09150985663,0.9283039560221774,19620.961430331543,22.652675845663886,-0.044419338421953114,-0.01005835230031027,0.08589484418541807,-199.35977337216173,9.8844046990875,1605.2333481925539,0,1
2022-11-30,17699.713425925926,17705.274421296297,17694.371898148147,17699.69324074074,2.4187174494875,17699.76324652778,22.2037087644651,-0.44896708119878426,-0.09791559861250398,0.05775282702273487,-1921.1981838037646,9.781363038904981,1171.0047559277934,0,1
2022-12-31,16954.614404121865,16956.230981182794,16952.958422939068,16954.62092293907,1.256459498891353,16954.6061827957,22.018349483967718,-0.1853592804973836,-0.04209983226065239,0.04446150383768767,-745.1570637320801,9.738353806370986,1375.7247676009167,0,1
2023-01-31,20078.201926523296,20082.174283154123,20074.19242831541,20078.18682795699,1.485669154189516,20078.188866487457,22.75399054678698,0.735641062819262,0.18423209893611947,0.1494148955563511,3123.5826836917586,9.907439177894515,1631.4071769064058,0,1
2023-02-28,23299.900024801587,23304.94357638889,23294.743700396826,23299.8984375,1.3044475295166171,23299.871434771827,23.41698435018876,0.662993803401779,0.1604568315253616,0.12437886239485625,3221.68256828437,10.05624603948839,3172.7590115067383,0,1
2023-03-31,25028.89204749104,25037.353315412187,25020.277038530465,25028.808333333334,2.045098799984319,25028.832683691755,23.741188273494718,0.3242039233059586,0.0742047548957585,0.05789458883745233,1728.961248919928,10.127823699772705,2512.549162898073,0,1
2023-04-30,28845.048217592594,28850.57252314815,28839.297453703704,28844.939398148148,1.255952334459722,28844.96439814815,24.394275760655944,0.6530874871612262,0.15246942447071876,0.0476595179337265,3816.1317144563945,10.269725379938581,2837.2587778474435,0,1
2023-05-31,27505.414784946235,27510.05553315412,27500.4728718638,27505.219578853048,1.2669923430053764,27505.2906922043,24.17386035243091,-0.22041540822503336,-0.046443936884521086,0.10020644578203584,-1339.6737059438492,10.222170009938605,1936.0798523651401,0,1
2023-06-30,27669.96025462963,27675.619351851852,27664.273125,27670.00851851852,1.6562943584097223,27669.9653125,24.201439952957937,0.02757960052702657,0.0059870161758506235,0.10309593113885177,164.67462029570015,10.228138958782495,730.5781067350259,0,1
2023-07-31,30093.398342293905,30096.895228494624,30089.69599014337,30093.366957885304,0.9572763186391129,30093.3391297043,24.591969006465806,0.39052905350786915,0.08758138255090375,0.06753941036255609,2423.3738172043013,10.312092364269228,1449.0142110718768,0,1
2023-08-31,27909.887970430107,27912.901814516128,27906.61348566308,27909.73192204301,1.1130800821205198,27909.783798163084,24.241356011248847,-0.35061299521695943,-0.07255942327070941,0.08007523697859784,-2183.555331541218,10.236768409194559,1335.300680863155,0,1
2023-09-30,26291.25875,26294.30263888889,26288.058425925927,26291.216712962963,0.9608120237979166,26291.209131944444,23.96607664238514,-0.27527936886370696,-0.057993092240476884,0.08855241705684985,-1618.5746662186393,10.177027943556322,1908.0483203129588,0,1
2023-10-31,29586.01164874552,29591.415861559137,29580.481877240145,29586.033938172044,1.2274991690197132,29585.985831429214,24.51248122089905,0.5464045785139113,0.12531856876379033,0.11028073478735129,3294.77669948477,10.295089875772778,1647.472341999525,0,1
2023-11-30,36480.5099537037,36486.970300925925,36473.45648148148,36480.24048611111,1.0961756364092592,36480.29430555556,25.505989401645845,0.9935081807467938,0.23302615344331423,0.14713728862075312,6894.308474126345,10.504554923426076,5199.4310507814635,2,-1
2023-12-31,42395.80589314516,42404.117434139785,42386.89495967742,42395.5559139785,1.1850080028089158,42395.593550235215,26.23815454067772,0.7321651390318742,0.16215053516656575,0.05474314388228841,5915.299244679656,10.654823297196215,6411.036114911737,2,-1
2024-01-31,42918.23394937276,42931.06659946236,42905.2230734767,42918.50981182796,1.7179868937282705,42918.25835853495,26.298583184560503,0.06042864388278346,0.012328281421049692,0.1126777201421907,522.6648082997344,10.667075916971271,3575.6427115368824,2,-1
2024-02-29,49365.92135704023,49380.36089894636,49352.62159961686,49366.92121647509,1.4535813431858238,49366.45626801964,26.99682543644551,0.6982422518850058,0.15024369944411697,0.0832757897818873,6448.19790948469,10.807046706085519,3882.5541810325126,2,-1
2024-03-31,67479.89572132616,67511.28806810036,67447.89016577062,67480.09012096774,2.0534349286971327,67479.79101904122,28.609802984391827,1.6129775479463184,0.36691583962763974,0.17874554320555597,18113.334751021583,11.119598258865077,12734.081819508163,2,-1
2024-04-30,66024.5550462963,66047.70208333334,66001.2542824074,66024.56194444445,1.4549591740534722,66024.51833912038,28.494827270542416,-0.11497571384941097,-0.021566051968213706,0.19467219759977955,-1455.2726799208467,11.097796587783822,10063.976569429376,2,-1
2024-05-31,65047.751657706096,65063.522289426524,65032.15416666667,65048.044623655915,1.129387926485887,65047.8681843638,28.4164513610879,-0.07837590945451467,-0.014792234450545005,0.22236048754148827,-976.6501547565786,11.082894084625007,1223.7859815304007,2,-1
2024-06-30,66038.89287037037,66050.47581018519,66026.72423611111,66038.64907407407,1.1008270243979168,66038.68549768519,28.495956907569777,0.07950554648187591,0.015232125832519872,0.0195850823486567,990.8173133213932,11.098011135722379,568.0031076135168,2,-1
2024-07-31,62720.74551971326,62737.80750448029,62702.74023297491,62719.78980734767,1.4074308452428317,62720.27076612903,28.225548765437104,-0.2704081421326734,-0.05024955761229488,0.03277838424675771,-3318.4147315561568,11.046455915758596,1703.491758142955,2,-1
2024-08-31,60096.89943996416,60119.81890681003,60074.62163978495,60097.34392921147,1.7907131672840502,60097.17097894265,28.003050506390316,-0.22249825904678744,-0.041822201261971226,0.03562318402862805,-2623.09978718638,11.003734687097522,2977.5303972862266,2,-1
2024-09-30,60185.697592592594,60197.91048611111,60174.338472222225,60186.44712962963,1.1971920218604166,60186.098420138886,28.010727571521993,0.007677065131677097,0.0014797275769835583,0.027754868409045178,88.9274411962324,11.005213296370997,1489.4400548820554,2,-1
2024-10-31,65540.67356630825,65553.7059811828,65528.75358422939,65541.83158602151,1.1241909757090054,65541.24117943548,28.456168538297366,0.44544096677537226,0.08897640651025673,0.06663207643554896,5355.142759296599,11.090450117265274,3117.7813267916663,2,-1
2024-11-30,86294.55310185185,86323.82185185186,86264.83203703703,86294.57608796297,2.526375170019676,86294.44576967592,29.933108805549924,1.4769402672525587,0.31664344795398924,0.16269404886983835,20753.204590240435,11.36553210360111,13790.207008724872,2,-1
2024-12-31,98323.27820340502,98347.9213485663,98298.13640232975,98323.0891577061,1.436622281373432,98323.1062780018,30.655285257257063,0.7221764517071385,0.13939090055032,0.11957728918301203,12028.660508325876,11.49602450779012,16583.299097433046,2,-1
2025-01-31,99948.94926075269,99978.06339605735,99918.72775537634,99948.37652329748,1.2154622170752687,99948.52923387097,30.747026861644454,0.09174160438739065,0.01653144431049003,0.15087529413368214,1625.4229558691732,11.512420629901156,7458.380841456568,2,-1
2025-02-28,95567.8802827381,95593.91996527778,95538.53554067461,95565.32003968254,1.163347861438492,95566.41395709326,30.496702102262446,-0.25032475938200704,-0.043843719466085784,0.09337606078036402,-4382.115276777709,11.467587182744735,2215.260956659532,2,-1
2025-03-31,85044.14142134314,85071.59924103036,85016.624425023,85044.00735970562,1.2334557995800368,85044.09311177552,29.853208943665315,-0.6434931585971313,-0.11010479947528395,0.06334091537755718,-10522.320845317736,11.350936902000617,7660.117344492926,2,-1
2025-04-30,86333.27363425925,86355.7988888889,86308.52974537037,86331.16604166667,1.1376997462773148,86332.1920775463,29.935505518573855,0.08229657490853981,0.015146248476984647,0.06266068950446362,1288.0989657707687,11.365969415844809,5739.472807354031,2,-1
2025-05-31,103376.91939964157,103396.77264784946,103356.31910842293,103376.5951388889,0.822993239327061,103376.65157370071,30.936429690136126,1.0009241715622714,0.19742878161653254,0.1546456435425122,17044.45949615442,11.546144082044927,10232.753769323124,2,-1
2025-06-30,105726.66856481481,105744.71708333334,105709.49916666666,105727.28305555556,0.6362002348439815,105727.0419675926,31.0632250267148,0.1267953365786738,0.022736182282091066,0.10311969844567191,2350.390393891881,11.568625434379763,10584.565309742173,2,-1
2025-07-31,115184.77063172043,115204.34543010753,115164.99672939068,115184.85519713262,0.9295866425300179,115184.74199708781,31.550368649443488,0.48714362272868783,0.0894539358473132,0.08815453308622127,9457.700029495216,11.654301252197723,6250.378979156773,2,-1
2025-08-31,114928.01232078853,114950.15949820788,114906.08290770609,114928.32374551971,1.0764214416624103,114928.14461805555,31.53760880200151,-0.012759847441977001,-0.002227702858758396,0.04739897516111438,-256.5973790322605,11.652071083700944,5387.860151105245,2,-1
2025-09-30,113013.52979166666,113030.8480787037,112996.95326388889,113013.98592592592,1.069353189723611,113013.8292650463,31.441643307046114,-0.09596549495539719,-0.01665662801197354,0.05755167029061973,-1914.3153530092532,11.635274321518294,1186.2621671904387,2,-1
2025-10-31,114289.59193548387,114320.96514336918,114257.68761200717,114289.49180107527,1.5683761581330644,114289.43412298388,31.505742059297216,0.06409875225110184,0.011287157211052001,0.013974384043502874,1275.6048579375783,11.646498155318097,974.6556760284284,2,-1
2025-11-30,96533.32909722222,96567.22539351851,96499.45486111111,96533.23219907407,2.040747035925463,96533.31038773149,30.552762132883934,-0.9529799264132812,-0.1553610259032825,0.08924813916107473,-17756.12373525239,11.477653772194238,9903.825862772488,2,-1
2025-12-31,89009.99498207885,89034.00786290322,88987.039359319,89010.80087365591,1.7353201177013888,89010.46076948925,30.10333076223366,-0.4494313706502737,-0.07793009053586053,0.08339352890833718,-7522.849618242239,11.396520413114676,12980.111005476685,2,-1
2026-01-31,90559.08644713262,90578.97211021505,90539.57647849462,90559.30873655913,1.792428477030914,90559.23594310036,30.198429866695143,0.0950991044614824,0.017399923112654925,0.08653487424056727,1548.7751736111095,11.413770498812374,3972.437043492842,2,-1
2026-02-28,69034.84660218254,69067.78328373015,69002.8152281746,69034.84853670635,3.247390880813492,69035.07341269842,28.730372401289646,-1.4680574654054972,-0.2376804784873171,0.12888884696594669,-21524.16253040194,11.142384450048063,12004.890511977468,2,-1
2026-03-31,69617.58360215054,69641.15488351254,69595.10781810035,69618.28599910394,2.384582619667787,69618.03307571684,28.774970285020785,0.044597883731139376,0.008444398393457675,0.14475477408533205,582.9596630184242,11.150793272669684,12262.159897674259,2,-1
2026-04-30,73506.16625,73522.38270833333,73490.89462962963,73506.84335648148,0.9098380354069444,73506.57173611112,29.064586454048456,0.2896161690276706,0.05585533644946694,0.15757988805551226,3888.538660394275,11.205143696712899,2430.873373171937,2,-1
2026-05-31,80109.1705759889,80121.8967846403,80096.81082581541,80109.57455470737,0.7230645557117742,80109.36318528799,29.52778464429897,0.46319819025051245,0.08982586581348029,0.04087529235788612,6602.791449176875,11.29116050278131,5303.860155627314,2,-1
